﻿<?xml version="1.0" encoding="UTF-8"?>
<songs showDisplay="yes" showPlaylist="yes" autoStart="yes">
    <song path="http://ia801704.us.archive.org/21/items/idabkar/001.mp3" title="(01) Al-Fatihah الـفـاتـحـة" />
    <song path="http://ia801704.us.archive.org/21/items/idabkar/002.mp3" title="(02) Al-Baqarah الـبـقـرة" />
    <song path="http://ia801704.us.archive.org/21/items/idabkar/003.mp3" title="(03) Al-Imran عـمـران آل" />
    <song path="http://ia801704.us.archive.org/21/items/idabkar/004.mp3" title="(04) An-Nisa' الـنـسـاء" />
    <song path="http://ia801704.us.archive.org/21/items/idabkar/006.mp3" title="(06) Al-An'am الأنـعـام" />
    <song path="http://ia801704.us.archive.org/21/items/idabkar/007.mp3" title="(07) Al-A'raf الأعـراف" />
    <song path="http://ia801704.us.archive.org/21/items/idabkar/011.mp3" title="(11) Hood هـود" />
    <song path="http://ia801704.us.archive.org/21/items/idabkar/012.mp3" title="(12) Yusuf يـوسـف" />
    <song path="http://ia801704.us.archive.org/21/items/idabkar/017.mp3" title="(17) Al-Isra الإسـراء" />
    <song path="http://ia801704.us.archive.org/21/items/idabkar/018.mp3" title="(18) Al-Kahf الـكـهـف" />
    <song path="http://ia801704.us.archive.org/21/items/idabkar/019.mp3" title="(19) Maryam مـريـم" />
    <song path="http://ia801704.us.archive.org/21/items/idabkar/020.mp3" title="(20) Ta­Ha طـه" />
    <song path="http://ia801704.us.archive.org/21/items/idabkar/022.mp3" title="(22) Al-Hajj الـحـج" />
    <song path="http://ia801704.us.archive.org/21/items/idabkar/024.mp3" title="(24) An-Nur الـنّـور" />
    <song path="http://ia801704.us.archive.org/21/items/idabkar/025.mp3" title="(25) Al-Furqan الـفـرقـان" />
    <song path="http://ia801704.us.archive.org/21/items/idabkar/042.mp3" title="(42) Ash-Shura الـشـورى" />
    <song path="http://ia801704.us.archive.org/21/items/idabkar/043.mp3" title="(43) Az-Zukhruf الـزخـرف" />
    <song path="http://ia801704.us.archive.org/21/items/idabkar/044.mp3" title="(44) Ad-Dukhan الـدّخـان" />
    <song path="http://ia801704.us.archive.org/21/items/idabkar/050.mp3" title="(50) Qaf ق" />
    <song path="http://ia801704.us.archive.org/21/items/idabkar/051.mp3" title="(51) Az-Zariyat الـذاريـات" />
    <song path="http://ia801704.us.archive.org/21/items/idabkar/052.mp3" title="(52) At-Tur الـطـور" />
    <song path="http://ia801704.us.archive.org/21/items/idabkar/053.mp3" title="(53) An-Najm الـنـجـم" />
    <song path="http://ia801704.us.archive.org/21/items/idabkar/054.mp3" title="(54) Al-Qamar الـقـمـر" />
    <song path="http://ia801704.us.archive.org/21/items/idabkar/055.mp3" title="(55) Ar-Rahman الـرحـمـن" />
    <song path="http://ia801704.us.archive.org/21/items/idabkar/056.mp3" title="(56) Al-Waqi'ah الـواقـعـة" />
    <song path="http://ia801704.us.archive.org/21/items/idabkar/057.mp3" title="(57) Al-Hadid الـحـديـد" />  
    <song path="http://ia801704.us.archive.org/21/items/idabkar/067.mp3" title="(67) Al-Mulk الـمـلـك" />
    <song path="http://ia801704.us.archive.org/21/items/idabkar/068.mp3" title="(68) Al-Qalam الـقـلـم" />
    <song path="http://ia801704.us.archive.org/21/items/idabkar/069.mp3" title="(69) Al-Haqqah الـحـاقـة" />
    <song path="http://ia801704.us.archive.org/21/items/idabkar/070.mp3" title="(70) Al-Ma'arij الـمـعـارج" />
    <song path="http://ia801704.us.archive.org/21/items/idabkar/071.mp3" title="(71) Nooh نـوح" />
    <song path="http://ia801704.us.archive.org/21/items/idabkar/072.mp3" title="(72) Al-Jinn الـجـن" />
    <song path="http://ia801704.us.archive.org/21/items/idabkar/073.mp3" title="(73) Al-Muzzammil الـمـزّمّـل" />
    <song path="http://ia801704.us.archive.org/21/items/idabkar/074.mp3" title="(74) Al-Muddaththir الـمـدّثـر" />
    <song path="http://ia801704.us.archive.org/21/items/idabkar/075.mp3" title="(75) Al-Qiyamah الـقـيـامـة" />
    <song path="http://ia801704.us.archive.org/21/items/idabkar/076.mp3" title="(76) Al-Insan الإنـسـان" />
    <song path="http://ia801704.us.archive.org/21/items/idabkar/077.mp3" title="(77) Al-Mursalat الـمـرسـلات" />
    <song path="http://ia801704.us.archive.org/21/items/idabkar/078.mp3" title="(78) An-Naba' الـنـبـأ" />
    <song path="http://ia801704.us.archive.org/21/items/idabkar/079.mp3" title="(79) An-Nazi'at الـنـازعـات" />
    <song path="http://ia801704.us.archive.org/21/items/idabkar/080.mp3" title="(80) 'Abasa عـبـس" />
	<song path="http://ia801704.us.archive.org/21/items/idabkar/081.mp3" title="(81) At-Takwir الـتـكـويـر" />
    <song path="http://ia801704.us.archive.org/21/items/idabkar/082.mp3" title="(82) Al-Infitar الإنـفـطـار" />
    <song path="http://ia801704.us.archive.org/21/items/idabkar/083.mp3" title="(83) Al-Mutaffifin الـمـطـفّـفـيـن" />
    <song path="http://ia801704.us.archive.org/21/items/idabkar/084.mp3" title="(84) Al-Inshiqaq الإنـشـقـاق" />
    <song path="http://ia801704.us.archive.org/21/items/idabkar/085.mp3" title="(85) Al-Buruj الـبـروج" />
    <song path="http://ia801704.us.archive.org/21/items/idabkar/086.mp3" title="(86) At-Tariq الـطـارق" />
    <song path="http://ia801704.us.archive.org/21/items/idabkar/087.mp3" title="(87) Al-A'la الأعـلـى" />
    <song path="http://ia801704.us.archive.org/21/items/idabkar/088.mp3" title="(88) Al-Ghashiyah الـغـاشـيـة" />
    <song path="http://ia801704.us.archive.org/21/items/idabkar/089.mp3" title="(89) Al-Fajr الـفـجـر" />
    <song path="http://ia801704.us.archive.org/21/items/idabkar/090.mp3" title="(90) Al-Balad الـبـلـد" />
    <song path="http://ia801704.us.archive.org/21/items/idabkar/091.mp3" title="(91) Ash-Shams الـشـمـس" />
    <song path="http://ia801704.us.archive.org/21/items/idabkar/092.mp3" title="(92) Al-Lail الـلـيـل" />
    <song path="http://ia801704.us.archive.org/21/items/idabkar/093.mp3" title="(93) Ad-Duha الـضـحـى" />
    <song path="http://ia801704.us.archive.org/21/items/idabkar/094.mp3" title="(94) Ash-Sharh الـشـرح" />
    <song path="http://ia801704.us.archive.org/21/items/idabkar/095.mp3" title="(95) At-Tin الـتـيـن" />
    <song path="http://ia801704.us.archive.org/21/items/idabkar/096.mp3" title="(96) Al-'Alaq الـعـلـق" />
    <song path="http://ia801704.us.archive.org/21/items/idabkar/097.mp3" title="(97) Al-Qadr الـقـدر" />
    <song path="http://ia801704.us.archive.org/21/items/idabkar/098.mp3" title="(98) Al-Baiyinah الـبـيـنـة" />
    <song path="http://ia801704.us.archive.org/21/items/idabkar/099.mp3" title="(99) Az-Zalzalah الـزلـزلـة" />
    <song path="http://ia801704.us.archive.org/21/items/idabkar/100.mp3" title="(100) Al-'Adiyat الـعـاديـات" />
    <song path="http://ia801704.us.archive.org/21/items/idabkar/101.mp3" title="(101) Al-Qari'ah الـقـارعـة" />
    <song path="http://ia801704.us.archive.org/21/items/idabkar/102.mp3" title="(102) At-Takathur الـتـكـاثـر" />
    <song path="http://ia801704.us.archive.org/21/items/idabkar/103.mp3" title="(103) Al-'Asr الـعـصـر" />
    <song path="http://ia801704.us.archive.org/21/items/idabkar/104.mp3" title="(104) Al-Humazah الـهـمـزة" />
    <song path="http://ia801704.us.archive.org/21/items/idabkar/105.mp3" title="(105) Al-Fil الـفـيـل" />
    <song path="http://ia801704.us.archive.org/21/items/idabkar/106.mp3" title="(106) Quraish قـريـش" />
    <song path="http://ia801704.us.archive.org/21/items/idabkar/107.mp3" title="(107) Al-Ma'un الـمـاعـون" />
    <song path="http://ia801704.us.archive.org/21/items/idabkar/108.mp3" title="(108) Al-Kauthar الـكـوثـر" />
    <song path="http://ia801704.us.archive.org/21/items/idabkar/109.mp3" title="(109) Al-Kafirun الـكـافـرون" />
    <song path="http://ia801704.us.archive.org/21/items/idabkar/110.mp3" title="(110) An-Nasr الـنـصـر" />
    <song path="http://ia801704.us.archive.org/21/items/idabkar/111.mp3" title="(111) Al-Masad الـمـسـد" />
    <song path="http://ia801704.us.archive.org/21/items/idabkar/112.mp3" title="(112) Al-Ikhlas الإخـلاص" />
    <song path="http://ia801704.us.archive.org/21/items/idabkar/113.mp3" title="(113) Al-Falaq الـفـلـق" />
    <song path="http://ia801704.us.archive.org/21/items/idabkar/114.mp3" title="(114) An-Nas الـنّـاس" />
</songs>