<?xml version="1.0" encoding="utf-8"?>
<songs showDisplay="yes" showPlaylist="yes" autoStart="yes">
    <song path="http://download.tvquran.com/download/TvQuran.com__Al-Kandari/001.mp3" title="(01) Al-Fatihah الـفـاتـحـة" />
    <song path="http://download.tvquran.com/download/TvQuran.com__Al-Kandari/036.mp3" title="(36) Ya­Sin يـس" />
    <song path="http://download.tvquran.com/download/TvQuran.com__Al-Kandari/052.mp3" title="(52) At-Tur الـطـور" />
    <song path="http://download.tvquran.com/download/TvQuran.com__Al-Kandari/053.mp3" title="(53) An-Najm الـنـجـم" />
    <song path="http://download.tvquran.com/download/TvQuran.com__Al-Kandari/067.mp3" title="(67) Al-Mulk الـمـلـك" />
    <song path="http://download.tvquran.com/download/TvQuran.com__Al-Kandari/068.mp3" title="(68) Al-Qalam الـقـلـم" />
    <song path="http://download.tvquran.com/download/TvQuran.com__Al-Kandari/069.mp3" title="(69) Al-Haqqah الـحـاقـة" />
    <song path="http://download.tvquran.com/download/TvQuran.com__Al-Kandari/070.mp3" title="(70) Al-Ma'arij الـمـعـارج" />
    <song path="http://download.tvquran.com/download/TvQuran.com__Al-Kandari/071.mp3" title="(71) Nooh نـوح" />
    <song path="http://download.tvquran.com/download/TvQuran.com__Al-Kandari/072.mp3" title="(72) Al-Jinn الـجـن" />
    <song path="http://download.tvquran.com/download/TvQuran.com__Al-Kandari/073.mp3" title="(73) Al-Muzzammil الـمـزّمّـل" />
    <song path="http://download.tvquran.com/download/TvQuran.com__Al-Kandari/074.mp3" title="(74) Al-Muddaththir الـمـدّثـر" />
    <song path="http://download.tvquran.com/download/TvQuran.com__Al-Kandari/075.mp3" title="(75) Al-Qiyamah الـقـيـامـة" />
    <song path="http://download.tvquran.com/download/TvQuran.com__Al-Kandari/076.mp3" title="(76) Al-Insan الإنـسـان" />
    <song path="http://download.tvquran.com/download/TvQuran.com__Al-Kandari/077.mp3" title="(77) Al-Mursalat الـمـرسـلات" />
    <song path="http://download.tvquran.com/download/TvQuran.com__Al-Kandari/078.mp3" title="(78) An-Naba' الـنـبـأ" />
    <song path="http://download.tvquran.com/download/TvQuran.com__Al-Kandari/079.mp3" title="(79) An-Nazi'at الـنـازعـات" />
    <song path="http://download.tvquran.com/download/TvQuran.com__Al-Kandari/080.mp3" title="(80) 'Abasa عـبـس" />
    <song path="http://download.tvquran.com/download/TvQuran.com__Al-Kandari/081.mp3" title="(81) At-Takwir الـتـكـويـر" />
    <song path="http://download.tvquran.com/download/TvQuran.com__Al-Kandari/082.mp3" title="(82) Al-Infitar الإنـفـطـار" />
    <song path="http://download.tvquran.com/download/TvQuran.com__Al-Kandari/083.mp3" title="(83) Al-Mutaffifin الـمـطـفّـفـيـن" />
    <song path="http://download.tvquran.com/download/TvQuran.com__Al-Kandari/084.mp3" title="(84) Al-Inshiqaq الإنـشـقـاق" />
    <song path="http://download.tvquran.com/download/TvQuran.com__Al-Kandari/085.mp3" title="(85) Al-Buruj الـبـروج" />
    <song path="http://download.tvquran.com/download/TvQuran.com__Al-Kandari/086.mp3" title="(86) At-Tariq الـطـارق" />
    <song path="http://download.tvquran.com/download/TvQuran.com__Al-Kandari/087.mp3" title="(87) Al-A'la الأعـلـى" />
    <song path="http://download.tvquran.com/download/TvQuran.com__Al-Kandari/088.mp3" title="(88) Al-Ghashiyah الـغـاشـيـة" />
    <song path="http://download.tvquran.com/download/TvQuran.com__Al-Kandari/089.mp3" title="(89) Al-Fajr الـفـجـر" />
    <song path="http://download.tvquran.com/download/TvQuran.com__Al-Kandari/090.mp3" title="(90) Al-Balad الـبـلـد" />
    <song path="http://download.tvquran.com/download/TvQuran.com__Al-Kandari/091.mp3" title="(91) Ash-Shams الـشـمـس" />
    <song path="http://download.tvquran.com/download/TvQuran.com__Al-Kandari/092.mp3" title="(92) Al-Lail الـلـيـل" />
    <song path="http://download.tvquran.com/download/TvQuran.com__Al-Kandari/093.mp3" title="(93) Ad-Duha الـضـحـى" />
    <song path="http://download.tvquran.com/download/TvQuran.com__Al-Kandari/094.mp3" title="(94) Ash-Sharh الـشـرح" />
    <song path="http://download.tvquran.com/download/TvQuran.com__Al-Kandari/095.mp3" title="(95) At-Tin الـتـيـن" />
    <song path="http://download.tvquran.com/download/TvQuran.com__Al-Kandari/096.mp3" title="(96) Al-'Alaq الـعـلـق" />
    <song path="http://download.tvquran.com/download/TvQuran.com__Al-Kandari/097.mp3" title="(97) Al-Qadr الـقـدر" />
    <song path="http://download.tvquran.com/download/TvQuran.com__Al-Kandari/098.mp3" title="(98) Al-Baiyinah الـبـيـنـة" />
    <song path="http://download.tvquran.com/download/TvQuran.com__Al-Kandari/099.mp3" title="(99) Az-Zalzalah الـزلـزلـة" />
    <song path="http://download.tvquran.com/download/TvQuran.com__Al-Kandari/100.mp3" title="(100) Al-'Adiyat الـعـاديـات" />
    <song path="http://download.tvquran.com/download/TvQuran.com__Al-Kandari/101.mp3" title="(101) Al-Qari'ah الـقـارعـة" />
    <song path="http://download.tvquran.com/download/TvQuran.com__Al-Kandari/102.mp3" title="(102) At-Takathur الـتـكـاثـر" />
    <song path="http://download.tvquran.com/download/TvQuran.com__Al-Kandari/103.mp3" title="(103) Al-'Asr الـعـصـر" />
    <song path="http://download.tvquran.com/download/TvQuran.com__Al-Kandari/104.mp3" title="(104) Al-Humazah الـهـمـزة" />
    <song path="http://download.tvquran.com/download/TvQuran.com__Al-Kandari/105.mp3" title="(105) Al-Fil الـفـيـل" />
    <song path="http://download.tvquran.com/download/TvQuran.com__Al-Kandari/106.mp3" title="(106) Quraish قـريـش" />
    <song path="http://download.tvquran.com/download/TvQuran.com__Al-Kandari/107.mp3" title="(107) Al-Ma'un الـمـاعـون" />
    <song path="http://download.tvquran.com/download/TvQuran.com__Al-Kandari/108.mp3" title="(108) Al-Kauthar الـكـوثـر" />
    <song path="http://download.tvquran.com/download/TvQuran.com__Al-Kandari/109.mp3" title="(109) Al-Kafirun الـكـافـرون" />
    <song path="http://download.tvquran.com/download/TvQuran.com__Al-Kandari/110.mp3" title="(110) An-Nasr الـنـصـر" />
    <song path="http://download.tvquran.com/download/TvQuran.com__Al-Kandari/111.mp3" title="(111) Al-Masad الـمـسـد" />
    <song path="http://download.tvquran.com/download/TvQuran.com__Al-Kandari/112.mp3" title="(112) Al-Ikhlas الإخـلاص" />
    <song path="http://download.tvquran.com/download/TvQuran.com__Al-Kandari/113.mp3" title="(113) Al-Falaq الـفـلـق" />
    <song path="http://download.tvquran.com/download/TvQuran.com__Al-Kandari/114.mp3" title="(114) An-Nas الـنّـاس" />	
</songs>