<?xml version="1.0" encoding="utf-8"?>
<songs showDisplay="yes" showPlaylist="yes" autoStart="yes">
    <song path="http://download.tvquran.com/download/TvQuran.com__Lafi/003.mp3" title="(03) Al-Imran عــمــران آل" />
    <song path="http://download.tvquran.com/download/TvQuran.com__Lafi/012.mp3" title="(12) Yusuf يـوسـف" />
    <song path="http://download.tvquran.com/download/TvQuran.com__Lafi/015.mp3" title="(15) Al-Hijr الـحـجـر" />
    <song path="http://download.tvquran.com/download/TvQuran.com__Lafi/016.mp3" title="(16) An-Nahl الـنـحـل" />
    <song path="http://download.tvquran.com/download/TvQuran.com__Lafi/019.mp3" title="(19) Maryam مـريـم" />
    <song path="http://download.tvquran.com/download/TvQuran.com__Lafi/020.mp3" title="(20) Ta­Ha طـه" />
    <song path="http://download.tvquran.com/download/TvQuran.com__Lafi/027.mp3" title="(27) An-Naml الـنّـمـل" />
    <song path="http://download.tvquran.com/download/TvQuran.com__Lafi/028.mp3" title="(28) Al-Qasas الـقـصـص" />
    <song path="http://download.tvquran.com/download/TvQuran.com__Lafi/030.mp3" title="(30) Ar­Room الـرّوم" />
    <song path="http://download.tvquran.com/download/TvQuran.com__Lafi/031.mp3" title="(31) Luqman لـقـمـان" />
    <song path="http://download.tvquran.com/download/TvQuran.com__Lafi/032.mp3" title="(32) As­Sajdah الـسـجـدة" />
    <song path="http://download.tvquran.com/download/TvQuran.com__Lafi/033.mp3" title="(33) Al­Ahzab الأحـزاب" />
    <song path="http://download.tvquran.com/download/TvQuran.com__Lafi/036.mp3" title="(36) Ya­Sin يـس" />
    <song path="http://download.tvquran.com/download/TvQuran.com__Lafi/037.mp3" title="(37) As-Saffat الـصـافـات" />
    <song path="http://download.tvquran.com/download/TvQuran.com__Lafi/038.mp3" title="(38) Sad ص" />
    <song path="http://download.tvquran.com/download/TvQuran.com__Lafi/044.mp3" title="(44) Ad-Dukhan الـدّخــان" />
    <song path="http://download.tvquran.com/download/TvQuran.com__Lafi/055.mp3" title="(55) Ar-Rahman الـرحــمــن" />
    <song path="http://download.tvquran.com/download/TvQuran.com__Lafi/078.mp3" title="(78) An-Naba' الـنـبـأ" />
    <song path="http://download.tvquran.com/download/TvQuran.com__Lafi/079.mp3" title="(79) An-Nazi'at الـنـازعـات" />
    <song path="http://download.tvquran.com/download/TvQuran.com__Lafi/080.mp3" title="(80) 'Abasa عـبـس" />
	<song path="http://download.tvquran.com/download/TvQuran.com__Lafi/081.mp3" title="(81) At-Takwir الـتـكـويـر" />
    <song path="http://download.tvquran.com/download/TvQuran.com__Lafi/082.mp3" title="(82) Al-Infitar الإنـفـطـار" />
    <song path="http://download.tvquran.com/download/TvQuran.com__Lafi/083.mp3" title="(83) Al-Mutaffifin الـمـطـفّـفـيـن" />
    <song path="http://download.tvquran.com/download/TvQuran.com__Lafi/084.mp3" title="(84) Al-Inshiqaq الإنـشـقـاق" />
    <song path="http://download.tvquran.com/download/TvQuran.com__Lafi/085.mp3" title="(85) Al-Buruj الـبـروج" />
    <song path="http://download.tvquran.com/download/TvQuran.com__Lafi/086.mp3" title="(86) At-Tariq الـطـارق" />
    <song path="http://download.tvquran.com/download/TvQuran.com__Lafi/087.mp3" title="(87) Al-A'la الأعـلـى" />
    <song path="http://download.tvquran.com/download/TvQuran.com__Lafi/088.mp3" title="(88) Al-Ghashiyah الـغـاشـيـة" />
    <song path="http://download.tvquran.com/download/TvQuran.com__Lafi/089.mp3" title="(89) Al-Fajr الـفـجـر" />
    <song path="http://download.tvquran.com/download/TvQuran.com__Lafi/090.mp3" title="(90) Al-Balad الـبـلـد" />
    <song path="http://download.tvquran.com/download/TvQuran.com__Lafi/091.mp3" title="(91) Ash-Shams الـشـمـس" />
    <song path="http://download.tvquran.com/download/TvQuran.com__Lafi/092.mp3" title="(92) Al-Lail الـلـيـل" />
    <song path="http://download.tvquran.com/download/TvQuran.com__Lafi/093.mp3" title="(93) Ad-Duha الـضـحـى" />
    <song path="http://download.tvquran.com/download/TvQuran.com__Lafi/094.mp3" title="(94) Ash-Sharh الـشـرح" />
    <song path="http://download.tvquran.com/download/TvQuran.com__Lafi/095.mp3" title="(95) At-Tin الـتـيـن" />
    <song path="http://download.tvquran.com/download/TvQuran.com__Lafi/096.mp3" title="(96) Al-'Alaq الـعـلـق" />
    <song path="http://download.tvquran.com/download/TvQuran.com__Lafi/097.mp3" title="(97) Al-Qadr الـقـدر" />
    <song path="http://download.tvquran.com/download/TvQuran.com__Lafi/098.mp3" title="(98) Al-Baiyinah الـبـيـنـة" />
    <song path="http://download.tvquran.com/download/TvQuran.com__Lafi/099.mp3" title="(99) Az-Zalzalah الـزلـزلـة" />
    <song path="http://download.tvquran.com/download/TvQuran.com__Lafi/100.mp3" title="(100) Al-'Adiyat الـعـاديـات" />
	<song path="http://download.tvquran.com/download/TvQuran.com__Lafi/101.mp3" title="(101) Al-Qari'ah الـقـارعـة" />
    <song path="http://download.tvquran.com/download/TvQuran.com__Lafi/102.mp3" title="(102) At-Takathur الـتـكـاثـر" />
    <song path="http://download.tvquran.com/download/TvQuran.com__Lafi/103.mp3" title="(103) Al-'Asr الـعـصـر" />
    <song path="http://download.tvquran.com/download/TvQuran.com__Lafi/104.mp3" title="(104) Al-Humazah الـهـمـزة" />
    <song path="http://download.tvquran.com/download/TvQuran.com__Lafi/105.mp3" title="(105) Al-Fil الـفـيـل" />
    <song path="http://download.tvquran.com/download/TvQuran.com__Lafi/106.mp3" title="(106) Quraish قـريـش" />
    <song path="http://download.tvquran.com/download/TvQuran.com__Lafi/107.mp3" title="(107) Al-Ma'un الـمـاعـون" />
    <song path="http://download.tvquran.com/download/TvQuran.com__Lafi/108.mp3" title="(108) Al-Kauthar الـكـوثـر" />
    <song path="http://download.tvquran.com/download/TvQuran.com__Lafi/109.mp3" title="(109) Al-Kafirun الـكـافـرون" />
    <song path="http://download.tvquran.com/download/TvQuran.com__Lafi/110.mp3" title="(110) An-Nasr الـنـصـر" />
    <song path="http://download.tvquran.com/download/TvQuran.com__Lafi/111.mp3" title="(111) Al-Masad الـمـسـد" />
    <song path="http://download.tvquran.com/download/TvQuran.com__Lafi/112.mp3" title="(112) Al-Ikhlas الإخـلاص" />
    <song path="http://download.tvquran.com/download/TvQuran.com__Lafi/113.mp3" title="(113) Al-Falaq الـفـلـق" />
    <song path="http://download.tvquran.com/download/TvQuran.com__Lafi/114.mp3" title="(114) An-Nas الـنّـاس" />
	
</songs>