﻿<?xml version="1.0" encoding="UTF-8"?>
<songs showDisplay="yes" showPlaylist="yes" autoStart="yes">
    <song path="http://www.archive.org/download/TvQuran.com__Ali-Alhuthaifi/001.mp3" title="(01) Al-Fatihah الـفـاتـحـة"/>
    <song path="http://www.archive.org/download/TvQuran.com__Ali-Alhuthaifi/002.mp3" title="(02) Al-Baqarah الـبـقـرة"/>
    <song path="http://www.archive.org/download/TvQuran.com__Ali-Alhuthaifi/003.mp3" title="(03) Al-Imran  عـمـران آل"/>
    <song path="http://www.archive.org/download/TvQuran.com__Ali-Alhuthaifi/004.mp3" title="(04) An-Nisa' الـنـسـاء"/>
    <song path="http://www.archive.org/download/TvQuran.com__Ali-Alhuthaifi/005.mp3" title="(05) Al-Ma'idah الـمـائـدة"/>
    <song path="http://www.archive.org/download/TvQuran.com__Ali-Alhuthaifi/006.mp3" title="(06) Al-An'am الأنـعـام"/>
    <song path="http://www.archive.org/download/TvQuran.com__Ali-Alhuthaifi/007.mp3" title="(07) Al-A'raf الأعـراف"/>
    <song path="http://www.archive.org/download/TvQuran.com__Ali-Alhuthaifi/008.mp3" title="(08) Al-Anfal الأنـفـال"/>
    <song path="http://www.archive.org/download/TvQuran.com__Ali-Alhuthaifi/009.mp3" title="(09) At-Taubah الـتـوبـة"/>
    <song path="http://www.archive.org/download/TvQuran.com__Ali-Alhuthaifi/010.mp3" title="(10) Yunus يـونـس"/>
    <song path="http://www.archive.org/download/TvQuran.com__Ali-Alhuthaifi/011.mp3" title="(11) Hood هـود"/>
    <song path="http://www.archive.org/download/TvQuran.com__Ali-Alhuthaifi/012.mp3" title="(12) Yusuf يـوسـف"/>
    <song path="http://www.archive.org/download/TvQuran.com__Ali-Alhuthaifi/013.mp3" title="(13) Ar-Ra'd الـرعـد"/>
    <song path="http://www.archive.org/download/TvQuran.com__Ali-Alhuthaifi/014.mp3" title="(14) Ibrahim إبـراهـيـم"/>
    <song path="http://www.archive.org/download/TvQuran.com__Ali-Alhuthaifi/015.mp3" title="(15) Al-Hijr الـحـجـر"/>
    <song path="http://www.archive.org/download/TvQuran.com__Ali-Alhuthaifi/016.mp3" title="(16) An-Nahl الـنـحـل"/>
    <song path="http://www.archive.org/download/TvQuran.com__Ali-Alhuthaifi/017.mp3" title="(17) Al-Isra الإسـراء"/>
    <song path="http://www.archive.org/download/TvQuran.com__Ali-Alhuthaifi/018.mp3" title="(18) Al-Kahf الـكـهـف"/>
    <song path="http://www.archive.org/download/TvQuran.com__Ali-Alhuthaifi/019.mp3" title="(19) Maryam مـريـم"/>
    <song path="http://www.archive.org/download/TvQuran.com__Ali-Alhuthaifi/020.mp3" title="(20) Ta­Ha طـه"/>
    <song path="http://www.archive.org/download/TvQuran.com__Ali-Alhuthaifi/021.mp3" title="(21) Al-Anbiya' الأنـبـيـاء"/>
    <song path="http://www.archive.org/download/TvQuran.com__Ali-Alhuthaifi/022.mp3" title="(22) Al-Hajj الـحـج"/>
    <song path="http://www.archive.org/download/TvQuran.com__Ali-Alhuthaifi/023.mp3" title="(23) Al-Mu'minun الـمـؤمـنـون"/>
    <song path="http://www.archive.org/download/TvQuran.com__Ali-Alhuthaifi/024.mp3" title="(24) An-Nur الـنّـور"/>
    <song path="http://www.archive.org/download/TvQuran.com__Ali-Alhuthaifi/025.mp3" title="(25) Al-Furqan الـفـرقـان"/>
    <song path="http://www.archive.org/download/TvQuran.com__Ali-Alhuthaifi/026.mp3" title="(26) Ash-Shu'ara' الـشـعـراء"/>
    <song path="http://www.archive.org/download/TvQuran.com__Ali-Alhuthaifi/027.mp3" title="(27) An-Naml الـنّـمـل"/>
    <song path="http://www.archive.org/download/TvQuran.com__Ali-Alhuthaifi/028.mp3" title="(28) Al-Qasas الـقـصـص"/>
    <song path="http://www.archive.org/download/TvQuran.com__Ali-Alhuthaifi/029.mp3" title="(29) Al-'Ankabut الـعـنـكـبـوت"/>
    <song path="http://www.archive.org/download/TvQuran.com__Ali-Alhuthaifi/030.mp3" title="(30) Ar­Room الـرّوم"/>
    <song path="http://www.archive.org/download/TvQuran.com__Ali-Alhuthaifi/031.mp3" title="(31) Luqman لـقـمـان"/>
    <song path="http://www.archive.org/download/TvQuran.com__Ali-Alhuthaifi/032.mp3" title="(32) As­Sajdah الـسـجـدة"/>
    <song path="http://www.archive.org/download/TvQuran.com__Ali-Alhuthaifi/033.mp3" title="(33) Al­Ahzab الأحـزاب"/>
    <song path="http://www.archive.org/download/TvQuran.com__Ali-Alhuthaifi/034.mp3" title="(34) Saba' سـبـأ"/>
    <song path="http://www.archive.org/download/TvQuran.com__Ali-Alhuthaifi/035.mp3" title="(35) Fatir فـاطـر"/>
    <song path="http://www.archive.org/download/TvQuran.com__Ali-Alhuthaifi/036.mp3" title="(36) Ya­Sin يـس"/>
    <song path="http://www.archive.org/download/TvQuran.com__Ali-Alhuthaifi/037.mp3" title="(37) As-Saffat الـصـافـات"/>
    <song path="http://www.archive.org/download/TvQuran.com__Ali-Alhuthaifi/038.mp3" title="(38) Sad ص"/>
    <song path="http://www.archive.org/download/TvQuran.com__Ali-Alhuthaifi/039.mp3" title="(39) Az-Zumar الـزمـر"/>
    <song path="http://www.archive.org/download/TvQuran.com__Ali-Alhuthaifi/040.mp3" title="(40) Ghafir غـافـر"/>
    <song path="http://www.archive.org/download/TvQuran.com__Ali-Alhuthaifi/041.mp3" title="(41) Fussilat فـصّـلـت"/>
    <song path="http://www.archive.org/download/TvQuran.com__Ali-Alhuthaifi/042.mp3" title="(42) Ash-Shura الـشـورى"/>
    <song path="http://www.archive.org/download/TvQuran.com__Ali-Alhuthaifi/043.mp3" title="(43) Az-Zukhruf الـزخـرف"/>
    <song path="http://www.archive.org/download/TvQuran.com__Ali-Alhuthaifi/044.mp3" title="(44) Ad-Dukhan الـدّخـان"/>
    <song path="http://www.archive.org/download/TvQuran.com__Ali-Alhuthaifi/045.mp3" title="(45) Al-Jathiya الـجـاثـيـة"/>
    <song path="http://www.archive.org/download/TvQuran.com__Ali-Alhuthaifi/046.mp3" title="(46) Al-Ahqaf الأحـقـاف"/>
    <song path="http://www.archive.org/download/TvQuran.com__Ali-Alhuthaifi/047.mp3" title="(47) Muhammad مـحـمـد"/>
    <song path="http://www.archive.org/download/TvQuran.com__Ali-Alhuthaifi/048.mp3" title="(48) Al-Fath الـفـتـح"/>
    <song path="http://www.archive.org/download/TvQuran.com__Ali-Alhuthaifi/049.mp3" title="(49) Al-Hujurat الـحـجـرات"/>
    <song path="http://www.archive.org/download/TvQuran.com__Ali-Alhuthaifi/050.mp3" title="(50) Qaf ق"/>
    <song path="http://www.archive.org/download/TvQuran.com__Ali-Alhuthaifi/051.mp3" title="(51) Az-Zariyat الـذاريـات"/>
    <song path="http://www.archive.org/download/TvQuran.com__Ali-Alhuthaifi/052.mp3" title="(52) At-Tur الـطـور"/>
    <song path="http://www.archive.org/download/TvQuran.com__Ali-Alhuthaifi/053.mp3" title="(53) An-Najm الـنـجـم"/>
    <song path="http://www.archive.org/download/TvQuran.com__Ali-Alhuthaifi/054.mp3" title="(54) Al-Qamar الـقـمـر"/>
    <song path="http://www.archive.org/download/TvQuran.com__Ali-Alhuthaifi/055.mp3" title="(55) Ar-Rahman الـرحـمـن"/>
    <song path="http://www.archive.org/download/TvQuran.com__Ali-Alhuthaifi/056.mp3" title="(56) Al-Waqi'ah الـواقـعـة"/>
    <song path="http://www.archive.org/download/TvQuran.com__Ali-Alhuthaifi/057.mp3" title="(57) Al-Hadid الـحـديـد"/>
    <song path="http://www.archive.org/download/TvQuran.com__Ali-Alhuthaifi/058.mp3" title="(58) Al-Mujadilah الـمـجـادلـة"/>
    <song path="http://www.archive.org/download/TvQuran.com__Ali-Alhuthaifi/059.mp3" title="(59) Al-Hashr الـحـشـر"/>
    <song path="http://www.archive.org/download/TvQuran.com__Ali-Alhuthaifi/060.mp3" title="(60) Al-Mumtahinah الـمـمـتـحـنـة"/>
    <song path="http://www.archive.org/download/TvQuran.com__Ali-Alhuthaifi/061.mp3" title="(61) As-Saff الـصـف"/>
    <song path="http://www.archive.org/download/TvQuran.com__Ali-Alhuthaifi/062.mp3" title="(62) Al-Jumu'ah الـجـمـعـة"/>
    <song path="http://www.archive.org/download/TvQuran.com__Ali-Alhuthaifi/063.mp3" title="(63) Al-Munafiqun الـمـنـافـقـون"/>
    <song path="http://www.archive.org/download/TvQuran.com__Ali-Alhuthaifi/064.mp3" title="(64) At-Taghabun الـتـغـابـن"/>
    <song path="http://www.archive.org/download/TvQuran.com__Ali-Alhuthaifi/065.mp3" title="(65) At-Talaq الـطـلاق"/>
    <song path="http://www.archive.org/download/TvQuran.com__Ali-Alhuthaifi/066.mp3" title="(66) At-Tahrim الـتـحـريـم"/>
    <song path="http://www.archive.org/download/TvQuran.com__Ali-Alhuthaifi/067.mp3" title="(67) Al-Mulk الـمـلـك"/>
    <song path="http://www.archive.org/download/TvQuran.com__Ali-Alhuthaifi/068.mp3" title="(68) Al-Qalam الـقـلـم"/>
    <song path="http://www.archive.org/download/TvQuran.com__Ali-Alhuthaifi/069.mp3" title="(69) Al-Haqqah الـحـاقـة"/>
    <song path="http://www.archive.org/download/TvQuran.com__Ali-Alhuthaifi/070.mp3" title="(70) Al-Ma'arij الـمـعـارج"/>
    <song path="http://www.archive.org/download/TvQuran.com__Ali-Alhuthaifi/071.mp3" title="(71) Nooh نـوح"/>
    <song path="http://www.archive.org/download/TvQuran.com__Ali-Alhuthaifi/072.mp3" title="(72) Al-Jinn الـجـن"/>
    <song path="http://www.archive.org/download/TvQuran.com__Ali-Alhuthaifi/073.mp3" title="(73) Al-Muzzammil الـمـزّمّـل"/>
    <song path="http://www.archive.org/download/TvQuran.com__Ali-Alhuthaifi/074.mp3" title="(74) Al-Muddaththir الـمـدّثـر"/>
    <song path="http://www.archive.org/download/TvQuran.com__Ali-Alhuthaifi/075.mp3" title="(75) Al-Qiyamah الـقـيـامـة"/>
    <song path="http://www.archive.org/download/TvQuran.com__Ali-Alhuthaifi/076.mp3" title="(76) Al-Insan الإنـسـان"/>
    <song path="http://www.archive.org/download/TvQuran.com__Ali-Alhuthaifi/077.mp3" title="(77) Al-Mursalat الـمـرسـلات"/>
    <song path="http://www.archive.org/download/TvQuran.com__Ali-Alhuthaifi/078.mp3" title="(78) An-Naba' الـنـبـأ"/>
    <song path="http://www.archive.org/download/TvQuran.com__Ali-Alhuthaifi/079.mp3" title="(79) An-Nazi'at الـنـازعـات"/>
    <song path="http://www.archive.org/download/TvQuran.com__Ali-Alhuthaifi/080.mp3" title="(80) 'Abasa عـبـس"/>
    <song path="http://www.archive.org/download/TvQuran.com__Ali-Alhuthaifi/081.mp3" title="(81) At-Takwir الـتـكـويـر"/>
    <song path="http://www.archive.org/download/TvQuran.com__Ali-Alhuthaifi/082.mp3" title="(82) Al-Infitar الإنـفـطـار"/>
    <song path="http://www.archive.org/download/TvQuran.com__Ali-Alhuthaifi/083.mp3" title="(83) Al-Mutaffifin الـمـطـفّـفـيـن"/>
    <song path="http://www.archive.org/download/TvQuran.com__Ali-Alhuthaifi/084.mp3" title="(84) Al-Inshiqaq الإنـشـقـاق"/>
    <song path="http://www.archive.org/download/TvQuran.com__Ali-Alhuthaifi/085.mp3" title="(85) Al-Buruj الـبـروج"/>
    <song path="http://www.archive.org/download/TvQuran.com__Ali-Alhuthaifi/086.mp3" title="(86) At-Tariq الـطـارق"/>
    <song path="http://www.archive.org/download/TvQuran.com__Ali-Alhuthaifi/087.mp3" title="(87) Al-A'la الأعـلـى"/>
    <song path="http://www.archive.org/download/TvQuran.com__Ali-Alhuthaifi/088.mp3" title="(88) Al-Ghashiyah الـغـاشـيـة"/>
    <song path="http://www.archive.org/download/TvQuran.com__Ali-Alhuthaifi/089.mp3" title="(89) Al-Fajr الـفـجـر"/>
    <song path="http://www.archive.org/download/TvQuran.com__Ali-Alhuthaifi/090.mp3" title="(90) Al-Balad الـبـلـد"/>
    <song path="http://www.archive.org/download/TvQuran.com__Ali-Alhuthaifi/091.mp3" title="(91) Ash-Shams الـشـمـس"/>
    <song path="http://www.archive.org/download/TvQuran.com__Ali-Alhuthaifi/092.mp3" title="(92) Al-Lail الـلـيـل"/>
    <song path="http://www.archive.org/download/TvQuran.com__Ali-Alhuthaifi/093.mp3" title="(93) Ad-Duha الـضـحـى"/>
    <song path="http://www.archive.org/download/TvQuran.com__Ali-Alhuthaifi/094.mp3" title="(94) Ash-Sharh الـشـرح"/>
    <song path="http://www.archive.org/download/TvQuran.com__Ali-Alhuthaifi/095.mp3" title="(95) At-Tin الـتـيـن"/>
    <song path="http://www.archive.org/download/TvQuran.com__Ali-Alhuthaifi/096.mp3" title="(96) Al-'Alaq الـعـلـق"/>
    <song path="http://www.archive.org/download/TvQuran.com__Ali-Alhuthaifi/097.mp3" title="(97) Al-Qadr الـقـدر"/>
    <song path="http://www.archive.org/download/TvQuran.com__Ali-Alhuthaifi/098.mp3" title="(98) Al-Baiyinah الـبـيـنـة"/>
    <song path="http://www.archive.org/download/TvQuran.com__Ali-Alhuthaifi/099.mp3" title="(99) Az-Zalzalah الـزلـزلـة"/>
    <song path="http://www.archive.org/download/TvQuran.com__Ali-Alhuthaifi/100.mp3" title="(100) Al-'Adiyat الـعـاديـات"/>
    <song path="http://www.archive.org/download/TvQuran.com__Ali-Alhuthaifi/101.mp3" title="(101) Al-Qari'ah الـقـارعـة"/>
    <song path="http://www.archive.org/download/TvQuran.com__Ali-Alhuthaifi/102.mp3" title="(102) At-Takathur الـتـكـاثـر"/>
    <song path="http://www.archive.org/download/TvQuran.com__Ali-Alhuthaifi/103.mp3" title="(103) Al-'Asr الـعـصـر"/>
    <song path="http://www.archive.org/download/TvQuran.com__Ali-Alhuthaifi/104.mp3" title="(104) Al-Humazah الـهـمـزة"/>
    <song path="http://www.archive.org/download/TvQuran.com__Ali-Alhuthaifi/105.mp3" title="(105) Al-Fil الـفـيـل"/>
    <song path="http://www.archive.org/download/TvQuran.com__Ali-Alhuthaifi/106.mp3" title="(106) Quraish قـريـش"/>
    <song path="http://www.archive.org/download/TvQuran.com__Ali-Alhuthaifi/107.mp3" title="(107) Al-Ma'un الـمـاعـون"/>
    <song path="http://www.archive.org/download/TvQuran.com__Ali-Alhuthaifi/108.mp3" title="(108) Al-Kauthar الـكـوثـر"/>
    <song path="http://www.archive.org/download/TvQuran.com__Ali-Alhuthaifi/109.mp3" title="(109) Al-Kafirun الـكـافـرون"/>
    <song path="http://www.archive.org/download/TvQuran.com__Ali-Alhuthaifi/110.mp3" title="(110) An-Nasr الـنـصـر"/>
    <song path="http://www.archive.org/download/TvQuran.com__Ali-Alhuthaifi/111.mp3" title="(111) Al-Masad الـمـسـد"/>
    <song path="http://www.archive.org/download/TvQuran.com__Ali-Alhuthaifi/112.mp3" title="(112) Al-Ikhlas الإخـلاص"/>
    <song path="http://www.archive.org/download/TvQuran.com__Ali-Alhuthaifi/113.mp3" title="(113) Al-Falaq الـفـلـق"/>
    <song path="http://www.archive.org/download/TvQuran.com__Ali-Alhuthaifi/114.mp3" title="(114) An-Nas الـنّـاس"/>
</songs>