<?xml version="1.0" encoding="utf-8"?>
<songs showDisplay="yes" showPlaylist="yes" autoStart="yes">
    <song path="http://ia600406.us.archive.org/28/items/TvQuran.com__Alqatami/001.mp3" title="(01) Al-Fatihah الـفـاتـحـة" />
    <song path="http://ia600406.us.archive.org/28/items/TvQuran.com__Alqatami/002.mp3" title="(02) Al-Baqarah الـبـقـرة" />
    <song path="http://ia600406.us.archive.org/28/items/TvQuran.com__Alqatami/008.mp3" title="(08) Al-Anfal الأنـفـال" />
    <song path="http://ia600406.us.archive.org/28/items/TvQuran.com__Alqatami/009.mp3" title="(09) At-Taubah الـتـوبـة" />
    <song path="http://ia600406.us.archive.org/28/items/TvQuran.com__Alqatami/010.mp3" title="(10) Yunus يـونـس" />
    <song path="http://ia600406.us.archive.org/28/items/TvQuran.com__Alqatami/011.mp3" title="(11) Hood هـود" />
    <song path="http://ia600406.us.archive.org/28/items/TvQuran.com__Alqatami/012.mp3" title="(12) Yusuf يـوسـف" />
    <song path="http://ia600406.us.archive.org/28/items/TvQuran.com__Alqatami/013.mp3" title="(13) Ar-Ra'd الـرعـد" />
    <song path="http://ia600406.us.archive.org/28/items/TvQuran.com__Alqatami/014.mp3" title="(14) Ibrahim إبـراهـيـم" />
    <song path="http://ia600406.us.archive.org/28/items/TvQuran.com__Alqatami/015.mp3" title="(15) Al-Hijr الـحـجـر" />
    <song path="http://ia600406.us.archive.org/28/items/TvQuran.com__Alqatami/018.mp3" title="(18) Al-Kahf الـكـهـف" />
    <song path="http://ia600406.us.archive.org/28/items/TvQuran.com__Alqatami/033.mp3" title="(33) Al­Ahzab الأحـزاب" />
    <song path="http://ia600406.us.archive.org/28/items/TvQuran.com__Alqatami/036.mp3" title="(36) Ya­Sin يـس" />
    <song path="http://ia600406.us.archive.org/28/items/TvQuran.com__Alqatami/038.mp3" title="(38) Sad ص" />
    <song path="http://ia600406.us.archive.org/28/items/TvQuran.com__Alqatami/047.mp3" title="(47) Muhammad مـحـمـد" />
    <song path="http://ia600406.us.archive.org/28/items/TvQuran.com__Alqatami/050.mp3" title="(50) Qaf ق" />
    <song path="http://ia600406.us.archive.org/28/items/TvQuran.com__Alqatami/051.mp3" title="(51) Az-Zariyat الـذاريـات" />
    <song path="http://ia600406.us.archive.org/28/items/TvQuran.com__Alqatami/052.mp3" title="(52) At-Tur الـطـور" />
    <song path="http://ia600406.us.archive.org/28/items/TvQuran.com__Alqatami/053.mp3" title="(53) An-Najm الـنـجـم" />
    <song path="http://ia600406.us.archive.org/28/items/TvQuran.com__Alqatami/054.mp3" title="(54) Al-Qamar الـقـمـر" />
	<song path="http://ia600406.us.archive.org/28/items/TvQuran.com__Alqatami/055.mp3" title="(55) Ar-Rahman الـرحـمـن" />
    <song path="http://ia600406.us.archive.org/28/items/TvQuran.com__Alqatami/056.mp3" title="(56) Al-Waqi'ah الـواقـعـة" />
    <song path="http://ia600406.us.archive.org/28/items/TvQuran.com__Alqatami/057.mp3" title="(57) Al-Hadid الـحـديـد" />
    <song path="http://ia600406.us.archive.org/28/items/TvQuran.com__Alqatami/058.mp3" title="(58) Al-Mujadilah الـمـجـادلـة" />
    <song path="http://ia600406.us.archive.org/28/items/TvQuran.com__Alqatami/059.mp3" title="(59) Al-Hashr الـحـشـر" />
    <song path="http://ia600406.us.archive.org/28/items/TvQuran.com__Alqatami/060.mp3" title="(60) Al-Mumtahinah الـمـمـتـحـنـة" />
    <song path="http://ia600406.us.archive.org/28/items/TvQuran.com__Alqatami/061.mp3" title="(61) As-Saff الـصـف" />
    <song path="http://ia600406.us.archive.org/28/items/TvQuran.com__Alqatami/062.mp3" title="(62) Al-Jumu'ah الـجـمـعـة" />
    <song path="http://ia600406.us.archive.org/28/items/TvQuran.com__Alqatami/063.mp3" title="(63) Al-Munafiqun الـمـنـافـقـون" />
    <song path="http://ia600406.us.archive.org/28/items/TvQuran.com__Alqatami/064.mp3" title="(64) At-Taghabun الـتـغـابـن" />
    <song path="http://ia600406.us.archive.org/28/items/TvQuran.com__Alqatami/065.mp3" title="(65) At-Talaq الـطـلاق" />
    <song path="http://ia600406.us.archive.org/28/items/TvQuran.com__Alqatami/066.mp3" title="(66) At-Tahrim الـتـحـريـم" />
    <song path="http://ia600406.us.archive.org/28/items/TvQuran.com__Alqatami/067.mp3" title="(67) Al-Mulk الـمـلـك" />
    <song path="http://ia600406.us.archive.org/28/items/TvQuran.com__Alqatami/069.mp3" title="(69) Al-Haqqah الـحـاقـة" />
    <song path="http://ia600406.us.archive.org/28/items/TvQuran.com__Alqatami/075.mp3" title="(75) Al-Qiyamah الـقـيـامـة" />
	<song path="http://ia600406.us.archive.org/28/items/TvQuran.com__Alqatami/078.mp3" title="(78) An-Naba' الـنـبـأ" />
    <song path="http://ia600406.us.archive.org/28/items/TvQuran.com__Alqatami/079.mp3" title="(79) An-Nazi'at الـنـازعـات" />
    <song path="http://ia600406.us.archive.org/28/items/TvQuran.com__Alqatami/080.mp3" title="(80) 'Abasa عـبـس" />
    <song path="http://ia600406.us.archive.org/28/items/TvQuran.com__Alqatami/081.mp3" title="(81) At-Takwir الـتـكـويـر" />
    <song path="http://ia600406.us.archive.org/28/items/TvQuran.com__Alqatami/082.mp3" title="(82) Al-Infitar الإنـفـطـار" />
    <song path="http://ia600406.us.archive.org/28/items/TvQuran.com__Alqatami/083.mp3" title="(83) Al-Mutaffifin الـمـطـفّـفـيـن" />
    <song path="http://ia600406.us.archive.org/28/items/TvQuran.com__Alqatami/084.mp3" title="(84) Al-Inshiqaq الإنـشـقـاق" />
    <song path="http://ia600406.us.archive.org/28/items/TvQuran.com__Alqatami/085.mp3" title="(85) Al-Buruj الـبـروج" />
    <song path="http://ia600406.us.archive.org/28/items/TvQuran.com__Alqatami/086.mp3" title="(86) At-Tariq الـطـارق" />
    <song path="http://ia600406.us.archive.org/28/items/TvQuran.com__Alqatami/087.mp3" title="(87) Al-A'la الأعـلـى" />
    <song path="http://ia600406.us.archive.org/28/items/TvQuran.com__Alqatami/088.mp3" title="(88) Al-Ghashiyah الـغـاشـيـة" />
    <song path="http://ia600406.us.archive.org/28/items/TvQuran.com__Alqatami/089.mp3" title="(89) Al-Fajr الـفـجـر" />
    <song path="http://ia600406.us.archive.org/28/items/TvQuran.com__Alqatami/090.mp3" title="(90) Al-Balad الـبـلـد" />
    <song path="http://ia600406.us.archive.org/28/items/TvQuran.com__Alqatami/091.mp3" title="(91) Ash-Shams الـشـمـس" />
    <song path="http://ia600406.us.archive.org/28/items/TvQuran.com__Alqatami/092.mp3" title="(92) Al-Lail الـلـيـل" />
    <song path="http://ia600406.us.archive.org/28/items/TvQuran.com__Alqatami/093.mp3" title="(93) Ad-Duha الـضـحـى" />
    <song path="http://ia600406.us.archive.org/28/items/TvQuran.com__Alqatami/094.mp3" title="(94) Ash-Sharh الـشـرح" />
    <song path="http://ia600406.us.archive.org/28/items/TvQuran.com__Alqatami/095.mp3" title="(95) At-Tin الـتـيـن" />
    <song path="http://ia600406.us.archive.org/28/items/TvQuran.com__Alqatami/096.mp3" title="(96) Al-'Alaq الـعـلـق" />
    <song path="http://ia600406.us.archive.org/28/items/TvQuran.com__Alqatami/097.mp3" title="(97) Al-Qadr الـقـدر" />
	<song path="http://ia600406.us.archive.org/28/items/TvQuran.com__Alqatami/098.mp3" title="(98) Al-Baiyinah الـبـيـنـة" />
    <song path="http://ia600406.us.archive.org/28/items/TvQuran.com__Alqatami/099.mp3" title="(99) Az-Zalzalah الـزلـزلـة" />
    <song path="http://ia600406.us.archive.org/28/items/TvQuran.com__Alqatami/100.mp3" title="(100) Al-'Adiyat الـعـاديـات" />
    <song path="http://ia600406.us.archive.org/28/items/TvQuran.com__Alqatami/101.mp3" title="(101) Al-Qari'ah الـقـارعـة" />
    <song path="http://ia600406.us.archive.org/28/items/TvQuran.com__Alqatami/102.mp3" title="(102) At-Takathur الـتـكـاثـر" />
    <song path="http://ia600406.us.archive.org/28/items/TvQuran.com__Alqatami/103.mp3" title="(103) Al-'Asr الـعـصـر" />
    <song path="http://ia600406.us.archive.org/28/items/TvQuran.com__Alqatami/104.mp3" title="(104) Al-Humazah الـهـمـزة" />
    <song path="http://ia600406.us.archive.org/28/items/TvQuran.com__Alqatami/105.mp3" title="(105) Al-Fil الـفـيـل" />
    <song path="http://ia600406.us.archive.org/28/items/TvQuran.com__Alqatami/106.mp3" title="(106) Quraish قـريـش" />
    <song path="http://ia600406.us.archive.org/28/items/TvQuran.com__Alqatami/107.mp3" title="(107) Al-Ma'un الـمـاعـون" />
    <song path="http://ia600406.us.archive.org/28/items/TvQuran.com__Alqatami/108.mp3" title="(108) Al-Kauthar الـكـوثـر" />
    <song path="http://ia600406.us.archive.org/28/items/TvQuran.com__Alqatami/109.mp3" title="(109) Al-Kafirun الـكـافـرون" />
    <song path="http://ia600406.us.archive.org/28/items/TvQuran.com__Alqatami/110.mp3" title="(110) An-Nasr الـنـصـر" />
    <song path="http://ia600406.us.archive.org/28/items/TvQuran.com__Alqatami/111.mp3" title="(111) Al-Masad الـمـسـد" />
    <song path="http://ia600406.us.archive.org/28/items/TvQuran.com__Alqatami/112.mp3" title="(112) Al-Ikhlas الإخـلاص" />
    <song path="http://ia600406.us.archive.org/28/items/TvQuran.com__Alqatami/112.mp3" title="(112) Al-Ikhlas الإخـلاص" />
    <song path="http://ia600406.us.archive.org/28/items/TvQuran.com__Alqatami/112.mp3" title="(112) Al-Ikhlas الإخـلاص" />
    <song path="http://ia600406.us.archive.org/28/items/TvQuran.com__Alqatami/113.mp3" title="(113) Al-Falaq الـفـلـق" />
    <song path="http://ia600406.us.archive.org/28/items/TvQuran.com__Alqatami/114.mp3" title="(114) An-Nas الـنّـاس" />
	
	
	
	
</songs>