﻿<?xml version="1.0" encoding="UTF-8"?>
<songs showDisplay="yes" showPlaylist="yes" autoStart="yes">
    <song path="http://ia600406.us.archive.org/21/items/TvQuran.com__jbreen/001.mp3" title="(01) Al-Fatihah الـفـاتـحـة" />
    <song path="http://ia600406.us.archive.org/21/items/TvQuran.com__jbreen/008.mp3" title="(08) Al-Anfal الأنـفـال" />
    <song path="http://ia600406.us.archive.org/21/items/TvQuran.com__jbreen/012.mp3" title="(12) Yusuf يـوسـف" />
    <song path="http://ia600406.us.archive.org/21/items/TvQuran.com__jbreen/014.mp3" title="(14) Ibrahim إبـراهـيـم" />
    <song path="http://ia600406.us.archive.org/21/items/TvQuran.com__jbreen/017.mp3" title="(17) Al-Isra الإسـراء" />
    <song path="http://ia600406.us.archive.org/21/items/TvQuran.com__jbreen/019.mp3" title="(19) Maryam مـريـم" />
    <song path="http://ia600406.us.archive.org/21/items/TvQuran.com__jbreen/021.mp3" title="(21) Al-Anbiya' الأنـبـيـاء" />
    <song path="http://ia600406.us.archive.org/21/items/TvQuran.com__jbreen/023.mp3" title="(23) Al-Mu'minun الـمـؤمـنـون" />
    <song path="http://ia600406.us.archive.org/21/items/TvQuran.com__jbreen/036.mp3" title="(36) Ya­Sin يـس" />
    <song path="http://ia600406.us.archive.org/21/items/TvQuran.com__jbreen/037.mp3" title="(37) As-Saffat الـصـافـات" />
    <song path="http://ia600406.us.archive.org/21/items/TvQuran.com__jbreen/046.mp3" title="(46) Al-Ahqaf الأحـقـاف" />
    <song path="http://ia600406.us.archive.org/21/items/TvQuran.com__jbreen/047.mp3" title="(47) Muhammad مـحـمـد" />
    <song path="http://ia600406.us.archive.org/21/items/TvQuran.com__jbreen/048.mp3" title="(48) Al-Fath الـفـتـح" />
    <song path="http://ia600406.us.archive.org/21/items/TvQuran.com__jbreen/049.mp3" title="(49) Al-Hujurat الـحـجـرات" />
    <song path="http://ia600406.us.archive.org/21/items/TvQuran.com__jbreen/050.mp3" title="(50) Qaf ق" />
    <song path="http://ia600406.us.archive.org/21/items/TvQuran.com__jbreen/051.mp3" title="(51) Az-Zariyat الـذاريـات" />
    <song path="http://ia600406.us.archive.org/21/items/TvQuran.com__jbreen/052.mp3" title="(52) At-Tur الـطـور" />
    <song path="http://ia600406.us.archive.org/21/items/TvQuran.com__jbreen/053.mp3" title="(53) An-Najm الـنـجـم" />
    <song path="http://ia600406.us.archive.org/21/items/TvQuran.com__jbreen/054.mp3" title="(54) Al-Qamar الـقـمـر" />
    <song path="http://ia600406.us.archive.org/21/items/TvQuran.com__jbreen/055.mp3" title="(55) Ar-Rahman الـرحـمـن" />
	<song path="http://ia600406.us.archive.org/21/items/TvQuran.com__jbreen/056.mp3" title="(56) Al-Waqi'ah الـواقـعـة" />
    <song path="http://ia600406.us.archive.org/21/items/TvQuran.com__jbreen/057.mp3" title="(57) Al-Hadid الـحـديـد" />
    <song path="http://ia600406.us.archive.org/21/items/TvQuran.com__jbreen/058.mp3" title="(58) Al-Mujadilah الـمـجـادلـة" />
    <song path="http://ia600406.us.archive.org/21/items/TvQuran.com__jbreen/059.mp3" title="(59) Al-Hashr الـحـشـر" />
    <song path="http://ia600406.us.archive.org/21/items/TvQuran.com__jbreen/060.mp3" title="(60) Al-Mumtahinah الـمـمـتـحـنـة" />
    <song path="http://ia600406.us.archive.org/21/items/TvQuran.com__jbreen/061.mp3" title="(61) As-Saff الـصـف" />
    <song path="http://ia600406.us.archive.org/21/items/TvQuran.com__jbreen/062.mp3" title="(62) Al-Jumu'ah الـجـمـعـة" />
    <song path="http://ia600406.us.archive.org/21/items/TvQuran.com__jbreen/063.mp3" title="(63) Al-Munafiqun الـمـنـافـقـون" />
    <song path="http://ia600406.us.archive.org/21/items/TvQuran.com__jbreen/064.mp3" title="(64) At-Taghabun الـتـغـابـن" />
    <song path="http://ia600406.us.archive.org/21/items/TvQuran.com__jbreen/065.mp3" title="(65) At-Talaq الـطـلاق" />
    <song path="http://ia600406.us.archive.org/21/items/TvQuran.com__jbreen/066.mp3" title="(66) At-Tahrim الـتـحـريـم" />
    <song path="http://ia600406.us.archive.org/21/items/TvQuran.com__jbreen/067.mp3" title="(67) Al-Mulk الـمـلـك" />
    <song path="http://ia600406.us.archive.org/21/items/TvQuran.com__jbreen/068.mp3" title="(68) Al-Qalam الـقـلـم" />
    <song path="http://ia600406.us.archive.org/21/items/TvQuran.com__jbreen/069.mp3" title="(69) Al-Haqqah الـحـاقـة" />
    <song path="http://ia600406.us.archive.org/21/items/TvQuran.com__jbreen/070.mp3" title="(70) Al-Ma'arij الـمـعـارج" />
    <song path="http://ia600406.us.archive.org/21/items/TvQuran.com__jbreen/071.mp3" title="(71) Nooh نـوح" />
    <song path="http://ia600406.us.archive.org/21/items/TvQuran.com__jbreen/072.mp3" title="(72) Al-Jinn الـجـن" />
    <song path="http://ia600406.us.archive.org/21/items/TvQuran.com__jbreen/073.mp3" title="(73) Al-Muzzammil الـمـزّمّـل" />
    <song path="http://ia600406.us.archive.org/21/items/TvQuran.com__jbreen/074.mp3" title="(74) Al-Muddaththir الـمـدّثـر" />
    <song path="http://ia600406.us.archive.org/21/items/TvQuran.com__jbreen/075.mp3" title="(75) Al-Qiyamah الـقـيـامـة" />
	<song path="http://ia600406.us.archive.org/21/items/TvQuran.com__jbreen/076.mp3" title="(76) Al-Insan الإنـسـان" />
    <song path="http://ia600406.us.archive.org/21/items/TvQuran.com__jbreen/077.mp3" title="(77) Al-Mursalat الـمـرسـلات" />
    <song path="http://ia600406.us.archive.org/21/items/TvQuran.com__jbreen/078.mp3" title="(78) An-Naba' الـنـبـأ" />
    <song path="http://ia600406.us.archive.org/21/items/TvQuran.com__jbreen/079.mp3" title="(79) An-Nazi'at الـنـازعـات" />
    <song path="http://ia600406.us.archive.org/21/items/TvQuran.com__jbreen/080.mp3" title="(80) 'Abasa عـبـس" />
    <song path="http://ia600406.us.archive.org/21/items/TvQuran.com__jbreen/081.mp3" title="(81) At-Takwir الـتـكـويـر" />
    <song path="http://ia600406.us.archive.org/21/items/TvQuran.com__jbreen/082.mp3" title="(82) Al-Infitar الإنـفـطـار" />
    <song path="http://ia600406.us.archive.org/21/items/TvQuran.com__jbreen/083.mp3" title="(83) Al-Mutaffifin الـمـطـفّـفـيـن" />
    <song path="http://ia600406.us.archive.org/21/items/TvQuran.com__jbreen/084.mp3" title="(84) Al-Inshiqaq الإنـشـقـاق" />
    <song path="http://ia600406.us.archive.org/21/items/TvQuran.com__jbreen/085.mp3" title="(85) Al-Buruj الـبـروج" />
    <song path="http://ia600406.us.archive.org/21/items/TvQuran.com__jbreen/086.mp3" title="(86) At-Tariq الـطـارق" />
    <song path="http://ia600406.us.archive.org/21/items/TvQuran.com__jbreen/087.mp3" title="(87) Al-A'la الأعـلـى" />
    <song path="http://ia600406.us.archive.org/21/items/TvQuran.com__jbreen/088.mp3" title="(88) Al-Ghashiyah الـغـاشـيـة" />
    <song path="http://ia600406.us.archive.org/21/items/TvQuran.com__jbreen/089.mp3" title="(89) Al-Fajr الـفـجـر" />
    <song path="http://ia600406.us.archive.org/21/items/TvQuran.com__jbreen/090.mp3" title="(90) Al-Balad الـبـلـد" />
    <song path="http://ia600406.us.archive.org/21/items/TvQuran.com__jbreen/091.mp3" title="(91) Ash-Shams الـشـمـس" />
    <song path="http://ia600406.us.archive.org/21/items/TvQuran.com__jbreen/092.mp3" title="(92) Al-Lail الـلـيـل" />
    <song path="http://ia600406.us.archive.org/21/items/TvQuran.com__jbreen/093.mp3" title="(93) Ad-Duha الـضـحـى" />
    <song path="http://ia600406.us.archive.org/21/items/TvQuran.com__jbreen/094.mp3" title="(94) Ash-Sharh الـشـرح" />
    <song path="http://ia600406.us.archive.org/21/items/TvQuran.com__jbreen/095.mp3" title="(95) At-Tin الـتـيـن" />
	<song path="http://ia600406.us.archive.org/21/items/TvQuran.com__jbreen/096.mp3" title="(96) Al-'Alaq الـعـلـق" />
    <song path="http://ia600406.us.archive.org/21/items/TvQuran.com__jbreen/097.mp3" title="(97) Al-Qadr الـقـدر" />
    <song path="http://ia600406.us.archive.org/21/items/TvQuran.com__jbreen/098.mp3" title="(98) Al-Baiyinah الـبـيـنـة" />
    <song path="http://ia600406.us.archive.org/21/items/TvQuran.com__jbreen/099.mp3" title="(99) Az-Zalzalah الـزلـزلـة" />
    <song path="http://ia600406.us.archive.org/21/items/TvQuran.com__jbreen/100.mp3" title="(100) Al-'Adiyat الـعـاديـات" />
    <song path="http://ia600406.us.archive.org/21/items/TvQuran.com__jbreen/101.mp3" title="(101) Al-Qari'ah الـقـارعـة" />
    <song path="http://ia600406.us.archive.org/21/items/TvQuran.com__jbreen/102.mp3" title="(102) At-Takathur الـتـكـاثـر" />
    <song path="http://ia600406.us.archive.org/21/items/TvQuran.com__jbreen/103.mp3" title="(103) Al-'Asr الـعـصـر" />
    <song path="http://ia600406.us.archive.org/21/items/TvQuran.com__jbreen/104.mp3" title="(104) Al-Humazah الـهـمـزة" />
    <song path="http://ia600406.us.archive.org/21/items/TvQuran.com__jbreen/105.mp3" title="(105) Al-Fil الـفـيـل" />
    <song path="http://ia600406.us.archive.org/21/items/TvQuran.com__jbreen/106.mp3" title="(106) Quraish قـريـش" />
    <song path="http://ia600406.us.archive.org/21/items/TvQuran.com__jbreen/107.mp3" title="(107) Al-Ma'un الـمـاعـون" />
    <song path="http://ia600406.us.archive.org/21/items/TvQuran.com__jbreen/108.mp3" title="(108) Al-Kauthar الـكـوثـر" />
    <song path="http://ia600406.us.archive.org/21/items/TvQuran.com__jbreen/109.mp3" title="(109) Al-Kafirun الـكـافـرون" />
    <song path="http://ia600406.us.archive.org/21/items/TvQuran.com__jbreen/110.mp3" title="(110) An-Nasr الـنـصـر" />
    <song path="http://ia600406.us.archive.org/21/items/TvQuran.com__jbreen/111.mp3" title="(111) Al-Masad الـمـسـد" />
    <song path="http://ia600406.us.archive.org/21/items/TvQuran.com__jbreen/112.mp3" title="(112) Al-Ikhlas الإخـلاص" />
    <song path="http://ia600406.us.archive.org/21/items/TvQuran.com__jbreen/113.mp3" title="(113) Al-Falaq الـفـلـق" />
    <song path="http://ia600406.us.archive.org/21/items/TvQuran.com__jbreen/114.mp3" title="(114) An-Nas الـنّـاس" />
</songs>