﻿<?xml version="1.0" encoding="utf-8"?>
<songs showDisplay="yes" showPlaylist="yes" autoStart="yes">
<song path="http://download.tvquran.com/download/TvQuran.com__Mansoor/001.mp3" title="(01) Al-Fatihah الـفـاتـحـة" />
<song path="http://download.tvquran.com/download/TvQuran.com__Mansoor/017.mp3" title="(17) Al-Isra الإسـراء" />
<song path="http://download.tvquran.com/download/TvQuran.com__Mansoor/019.mp3" title="(19) Maryam مـريـم" />
<song path="http://download.tvquran.com/download/TvQuran.com__Mansoor/031.mp3" title="(31) Luqman لـقـمـان" />
<song path="http://download.tvquran.com/download/TvQuran.com__Mansoor/032.mp3" title="(32) As­Sajdah الـسـجـدة" />
<song path="http://download.tvquran.com/download/TvQuran.com__Mansoor/051.mp3" title="(51) Az-Zariyat الـذاريـات" />
<song path="http://download.tvquran.com/download/TvQuran.com__Mansoor/052.mp3" title="(52) At-Tur الـطـور" />
<song path="http://download.tvquran.com/download/TvQuran.com__Mansoor/053.mp3" title="(53) An-Najm الـنـجـم" />
<song path="http://download.tvquran.com/download/TvQuran.com__Mansoor/054.mp3" title="(54) Al-Qamar الـقـمـر" />
<song path="http://download.tvquran.com/download/TvQuran.com__Mansoor/055.mp3" title="(55) Ar-Rahman الـرحـمـن" />
<song path="http://download.tvquran.com/download/TvQuran.com__Mansoor/056.mp3" title="(56) Al-Waqi'ah الـواقـعـة" />
<song path="http://download.tvquran.com/download/TvQuran.com__Mansoor/075.mp3" title="(75) Al-Qiyamah الـقـيـامـة" />
<song path="http://download.tvquran.com/download/TvQuran.com__Mansoor/077.mp3" title="(77) Al-Mursalat الـمـرسـلات" />
</songs>