<?xml version="1.0" encoding="utf-8"?>
<songs showDisplay="yes" showPlaylist="yes" autoStart="yes">
    <song path="http://download.tvquran.com/download/TvQuran.com__Al-Hasn/001.mp3" title="(01) Al-Fatihah الـفـاتـحـة" />
    <song path="http://download.tvquran.com/download/TvQuran.com__Al-Hasn/020.mp3" title="(20) Ta­Ha طـه" />
    <song path="http://download.tvquran.com/download/TvQuran.com__Al-Hasn/024.mp3" title="(24) An-Nur الـنّـور" />
    <song path="http://download.tvquran.com/download/TvQuran.com__Al-Hasn/026.mp3" title="(26) Ash-Shu'ara' الـشـعـراء" />
    <song path="http://download.tvquran.com/download/TvQuran.com__Al-Hasn/027.mp3" title="(27) An-Naml الـنّـمـل" />
    <song path="http://download.tvquran.com/download/TvQuran.com__Al-Hasn/032.mp3" title="(32) As­Sajdah الـسـجـدة" />
    <song path="http://download.tvquran.com/download/TvQuran.com__Al-Hasn/050.mp3" title="(50) Qaf ق" />
    <song path="http://download.tvquran.com/download/TvQuran.com__Al-Hasn/055.mp3" title="(55) Ar-Rahman الـرحـمـن" />
    <song path="http://download.tvquran.com/download/TvQuran.com__Al-Hasn/081.mp3" title="(81) At-Takwir الـتـكـويـر" />
    <song path="http://download.tvquran.com/download/TvQuran.com__Al-Hasn/082.mp3" title="(82) Al-Infitar الإنـفـطـار" />
    <song path="http://download.tvquran.com/download/TvQuran.com__Al-Hasn/086.mp3" title="(86) At-Tariq الـطـارق" />
    <song path="http://download.tvquran.com/download/TvQuran.com__Al-Hasn/087.mp3" title="(87) Al-A'la الأعـلـى" />
    <song path="http://download.tvquran.com/download/TvQuran.com__Al-Hasn/088.mp3" title="(88) Al-Ghashiyah الـغـاشـيـة" />
    <song path="http://download.tvquran.com/download/TvQuran.com__Al-Hasn/091.mp3" title="(91) Ash-Shams الـشـمـس" />
    <song path="http://download.tvquran.com/download/TvQuran.com__Al-Hasn/092.mp3" title="(92) Al-Lail الـلـيـل" />
    <song path="http://download.tvquran.com/download/TvQuran.com__Al-Hasn/093.mp3" title="(93) Ad-Duha الـضـحـى" />
    <song path="http://download.tvquran.com/download/TvQuran.com__Al-Hasn/094.mp3" title="(94) Ash-Sharh الـشـرح" />
    <song path="http://download.tvquran.com/download/TvQuran.com__Al-Hasn/095.mp3" title="(95) At-Tin الـتـيـن" />
    <song path="http://download.tvquran.com/download/TvQuran.com__Al-Hasn/097.mp3" title="(97) Al-Qadr الـقـدر" />
    <song path="http://download.tvquran.com/download/TvQuran.com__Al-Hasn/102.mp3" title="(102) At-Takathur الـتـكـاثـر" />
    <song path="http://download.tvquran.com/download/TvQuran.com__Al-Hasn/104.mp3" title="(104) Al-Humazah الـهـمـزة" />
    <song path="http://download.tvquran.com/download/TvQuran.com__Al-Hasn/105.mp3" title="(105) Al-Fil الـفـيـل" />
    <song path="http://download.tvquran.com/download/TvQuran.com__Al-Hasn/109.mp3" title="(109) Al-Kafirun الـكـافـرون" />
    <song path="http://download.tvquran.com/download/TvQuran.com__Al-Hasn/110.mp3" title="(110) An-Nasr الـنـصـر" />
    <song path="http://download.tvquran.com/download/TvQuran.com__Al-Hasn/111.mp3" title="(111) Al-Masad الـمـسـد" />
    <song path="http://download.tvquran.com/download/TvQuran.com__Al-Hasn/112.mp3" title="(112) Al-Ikhlas الإخـلاص" />
</songs>