<?xml version="1.0" encoding="utf-8"?>
<songs showDisplay="yes" showPlaylist="yes" autoStart="yes">
    <song path="http://ia801609.us.archive.org/27/items/TvQuran.com__Al-Dulaimi/001.mp3" title="(01) Al-Fatihah الـفـاتـحـة" />
    <song path="http://ia801609.us.archive.org/27/items/TvQuran.com__Al-Dulaimi/012.mp3" title="(12) Yusuf يـوسـف" />
    <song path="http://ia801609.us.archive.org/27/items/TvQuran.com__Al-Dulaimi/031.mp3" title="(31) Luqman لـقـمـان" />
    <song path="http://ia801609.us.archive.org/27/items/TvQuran.com__Al-Dulaimi/039.mp3" title="(39) Az-Zumar الـزمـر" />
    <song path="http://ia801609.us.archive.org/27/items/TvQuran.com__Al-Dulaimi/041.mp3" title="(41) Fussilat فـصّـلـت" />
    <song path="http://ia801609.us.archive.org/27/items/TvQuran.com__Al-Dulaimi/045.mp3" title="(45) Al-Jathiya الـجـاثـيـة" />
    <song path="http://ia801609.us.archive.org/27/items/TvQuran.com__Al-Dulaimi/048.mp3" title="(48) Al-Fath الـفـتـح" />
    <song path="http://ia801609.us.archive.org/27/items/TvQuran.com__Al-Dulaimi/049.mp3" title="(49) Al-Hujurat الـحـجـرات" />
    <song path="http://ia801609.us.archive.org/27/items/TvQuran.com__Al-Dulaimi/050.mp3" title="(50) Qaf ق" />
    <song path="http://ia801609.us.archive.org/27/items/TvQuran.com__Al-Dulaimi/051.mp3" title="(51) Az-Zariyat الـذاريـات" />
    <song path="http://ia801609.us.archive.org/27/items/TvQuran.com__Al-Dulaimi/052.mp3" title="(52) At-Tur الـطـور" />
    <song path="http://ia801609.us.archive.org/27/items/TvQuran.com__Al-Dulaimi/053.mp3" title="(53) An-Najm الـنـجـم" />
    <song path="http://ia801609.us.archive.org/27/items/TvQuran.com__Al-Dulaimi/054.mp3" title="(54) Al-Qamar الـقـمـر" />
    <song path="http://ia801609.us.archive.org/27/items/TvQuran.com__Al-Dulaimi/078.mp3" title="(78) An-Naba' الـنـبـأ" />
    <song path="http://ia801609.us.archive.org/27/items/TvQuran.com__Al-Dulaimi/079.mp3" title="(79) An-Nazi'at الـنـازعـات" />
    <song path="http://ia801609.us.archive.org/27/items/TvQuran.com__Al-Dulaimi/080.mp3" title="(80) 'Abasa عـبـس" />
    <song path="http://ia801609.us.archive.org/27/items/TvQuran.com__Al-Dulaimi/081.mp3" title="(81) At-Takwir الـتـكـويـر" />
    <song path="http://ia801609.us.archive.org/27/items/TvQuran.com__Al-Dulaimi/082.mp3" title="(82) Al-Infitar الإنـفـطـار" />
    <song path="http://ia801609.us.archive.org/27/items/TvQuran.com__Al-Dulaimi/083.mp3" title="(83) Al-Mutaffifin الـمـطـفّـفـيـن" />
    <song path="http://ia801609.us.archive.org/27/items/TvQuran.com__Al-Dulaimi/084.mp3" title="(84) Al-Inshiqaq الإنـشـقـاق" />
    <song path="http://ia801609.us.archive.org/27/items/TvQuran.com__Al-Dulaimi/085.mp3" title="(85) Al-Buruj الـبـروج" />
    <song path="http://ia801609.us.archive.org/27/items/TvQuran.com__Al-Dulaimi/086.mp3" title="(86) At-Tariq الـطـارق" />
    <song path="http://ia801609.us.archive.org/27/items/TvQuran.com__Al-Dulaimi/087.mp3" title="(87) Al-A'la الأعـلـى" />
    <song path="http://ia801609.us.archive.org/27/items/TvQuran.com__Al-Dulaimi/088.mp3" title="(88) Al-Ghashiyah الـغـاشـيـة" />
    <song path="http://ia801609.us.archive.org/27/items/TvQuran.com__Al-Dulaimi/089.mp3" title="(89) Al-Fajr الـفـجـر" />
    <song path="http://ia801609.us.archive.org/27/items/TvQuran.com__Al-Dulaimi/090.mp3" title="(90) Al-Balad الـبـلـد" />
    <song path="http://ia801609.us.archive.org/27/items/TvQuran.com__Al-Dulaimi/091.mp3" title="(91) Ash-Shams الـشـمـس" />
    <song path="http://ia801609.us.archive.org/27/items/TvQuran.com__Al-Dulaimi/092.mp3" title="(92) Al-Lail الـلـيـل" />
    <song path="http://ia801609.us.archive.org/27/items/TvQuran.com__Al-Dulaimi/093.mp3" title="(93) Ad-Duha الـضـحـى" />
    <song path="http://ia801609.us.archive.org/27/items/TvQuran.com__Al-Dulaimi/094.mp3" title="(94) Ash-Sharh الـشـرح" />
    <song path="http://ia801609.us.archive.org/27/items/TvQuran.com__Al-Dulaimi/095.mp3" title="(95) At-Tin الـتـيـن" />
    <song path="http://ia801609.us.archive.org/27/items/TvQuran.com__Al-Dulaimi/096.mp3" title="(96) Al-'Alaq الـعـلـق" />
    <song path="http://ia801609.us.archive.org/27/items/TvQuran.com__Al-Dulaimi/097.mp3" title="(97) Al-Qadr الـقـدر" />
    <song path="http://ia801609.us.archive.org/27/items/TvQuran.com__Al-Dulaimi/098.mp3" title="(98) Al-Baiyinah الـبـيـنـة" />
    <song path="http://ia801609.us.archive.org/27/items/TvQuran.com__Al-Dulaimi/099.mp3" title="(99) Az-Zalzalah الـزلـزلـة" />
    <song path="http://ia801609.us.archive.org/27/items/TvQuran.com__Al-Dulaimi/100.mp3" title="(100) Al-'Adiyat الـعـاديـات" />
    <song path="http://ia801609.us.archive.org/27/items/TvQuran.com__Al-Dulaimi/101.mp3" title="(101) Al-Qari'ah الـقـارعـة" />
    <song path="http://ia801609.us.archive.org/27/items/TvQuran.com__Al-Dulaimi/102.mp3" title="(102) At-Takathur الـتـكـاثـر" />
    <song path="http://ia801609.us.archive.org/27/items/TvQuran.com__Al-Dulaimi/103.mp3" title="(103) Al-'Asr الـعـصـر" />
    <song path="http://ia801609.us.archive.org/27/items/TvQuran.com__Al-Dulaimi/104.mp3" title="(104) Al-Humazah الـهـمـزة" />
    <song path="http://ia801609.us.archive.org/27/items/TvQuran.com__Al-Dulaimi/105.mp3" title="(105) Al-Fil الـفـيـل" />
    <song path="http://ia801609.us.archive.org/27/items/TvQuran.com__Al-Dulaimi/106.mp3" title="(106) Quraish قـريـش" />
    <song path="http://ia801609.us.archive.org/27/items/TvQuran.com__Al-Dulaimi/107.mp3" title="(107) Al-Ma'un الـمـاعـون" />
    <song path="http://ia801609.us.archive.org/27/items/TvQuran.com__Al-Dulaimi/108.mp3" title="(108) Al-Kauthar الـكـوثـر" />
    <song path="http://ia801609.us.archive.org/27/items/TvQuran.com__Al-Dulaimi/109.mp3" title="(109) Al-Kafirun الـكـافـرون" />
    <song path="http://ia801609.us.archive.org/27/items/TvQuran.com__Al-Dulaimi/110.mp3" title="(110) An-Nasr الـنـصـر" />
    <song path="http://ia801609.us.archive.org/27/items/TvQuran.com__Al-Dulaimi/111.mp3" title="(111) Al-Masad الـمـسـد" />
    <song path="http://ia801609.us.archive.org/27/items/TvQuran.com__Al-Dulaimi/112.mp3" title="(112) Al-Ikhlas الإخـلاص" />
    <song path="http://ia801609.us.archive.org/27/items/TvQuran.com__Al-Dulaimi/113.mp3" title="(113) Al-Falaq الـفـلـق" />
    <song path="http://ia801609.us.archive.org/27/items/TvQuran.com__Al-Dulaimi/114.mp3" title="(114) An-Nas الـنّـاس" />
	
	
	
</songs>