<?xml version="1.0" encoding="utf-8"?>
<songs showDisplay="yes" showPlaylist="yes" autoStart="yes">
    <song path="http://download.tvquran.com/download/TvQuran.com__Zamil/002.mp3" title="(02) Al-Baqarah الـبـقـرة" />
    <song path="http://download.tvquran.com/download/TvQuran.com__Zamil/003.mp3" title="(03) Al-Imran آل عـمـران" />
    <song path="http://download.tvquran.com/download/TvQuran.com__Zamil/008.mp3" title="(08) Al-Anfal الأنـفـال" />
    <song path="http://download.tvquran.com/download/TvQuran.com__Zamil/012.mp3" title="(12) Yusuf يـوسـف" />
    <song path="http://download.tvquran.com/download/TvQuran.com__Zamil/013.mp3" title="(13) Ar-Ra'd الـرعـد" />
    <song path="http://download.tvquran.com/download/TvQuran.com__Zamil/014.mp3" title="(14) Ibrahim إبـراهـيـم" />
    <song path="http://download.tvquran.com/download/TvQuran.com__Zamil/015.mp3" title="(15) Al-Hijr الـحـجـر" />
    <song path="http://download.tvquran.com/download/TvQuran.com__Zamil/017.mp3" title="(17) Al-Isra الإسـراء" />
    <song path="http://download.tvquran.com/download/TvQuran.com__Zamil/021.mp3" title="(21) Al-Anbiya' الأنـبـيـاء" />
    <song path="http://download.tvquran.com/download/TvQuran.com__Zamil/022.mp3" title="(22) Al-Hajj الـحـج" />
    <song path="http://download.tvquran.com/download/TvQuran.com__Zamil/023.mp3" title="(23) Al-Mu'minun الـمـؤمـنـون" />
    <song path="http://download.tvquran.com/download/TvQuran.com__Zamil/025.mp3" title="(25) Al-Furqan الـفـرقـان" />
    <song path="http://download.tvquran.com/download/TvQuran.com__Zamil/034.mp3" title="(34) Saba' سـبـأ" />
    <song path="http://download.tvquran.com/download/TvQuran.com__Zamil/036.mp3" title="(36) Ya­Sin يـس" />
    <song path="http://download.tvquran.com/download/TvQuran.com__Zamil/044.mp3" title="(44) Ad-Dukhan الـدّخـان" />
    <song path="http://download.tvquran.com/download/TvQuran.com__Zamil/050.mp3" title="(50) Qaf ق" />
    <song path="http://download.tvquran.com/download/TvQuran.com__Zamil/051.mp3" title="(51) Az-Zariyat الـذاريـات" />
    <song path="http://download.tvquran.com/download/TvQuran.com__Zamil/052.mp3" title="(52) At-Tur الـطـور" />
    <song path="http://download.tvquran.com/download/TvQuran.com__Zamil/053.mp3" title="(53) An-Najm الـنـجـم" />
    <song path="http://download.tvquran.com/download/TvQuran.com__Zamil/054.mp3" title="(54) Al-Qamar الـقـمـر" />
    <song path="http://download.tvquran.com/download/TvQuran.com__Zamil/055.mp3" title="(55) Ar-Rahman الـرحـمـن" />
    <song path="http://download.tvquran.com/download/TvQuran.com__Zamil/056.mp3" title="(56) Al-Waqi'ah الـواقـعـة" />
    <song path="http://download.tvquran.com/download/TvQuran.com__Zamil/057.mp3" title="(57) Al-Hadid الـحـديـد" />
</songs>